Nosaukums;Reģistrācijas numurs;Pašreizējā forma;Pacientu skaits;Ārstu skaits;NACE kods (2021);Forma (2021);Darbineki (2021);Ienākumi (2021);Ienākumi uz darbinieku (2021);Ienākumi uz pacientu (2021);Apgrozījums (2021);Apgrozījums uz darbinieku (2021);Apgrozījums uz pacientu (2021);Ienākumi pret apgrozījumu (2021);VSAOI iemaksas (2021);VSAOI iemaksas uz darbinieku (2021);IIN iemaksas (2021);IIN iemaksas uz darbinieku (2021);Ārkārtas dividendes (2021);Dividendes (2021);Dividendes (kā norādīts UGP) (2021)
Ausmas Balodes ģimenes ārsta doktorāts, Sabiedrība ar ierobežotu atbildību;40002068968;;1181;1;8621  ;SIA;7;34024;4860.571428571428;28.809483488569008;194121;27731.571428571428;164.37002540220152;0.17527212408755363;32640;4662.857142857143;18170;2595.714285714286;0;;
G. Šmites ģimenes ārsta prakse, SIA;40203274364;;2082;1;8621  ;SIA;3;29333;9777.666666666666;14.088856868395773;186664;62221.333333333336;89.65609990393853;0.15714331633309048;29090;9696.666666666666;16230;5410;0;;
Rīgas veselības centrs, SIA;50103807561;;5506;4;8690  ;SIA;463;163201;352.48596112311014;29.640573919360698;10736200;23188.336933045357;1949.909189974573;0.01520100221679924;2170370;4687.624190064795;1145220;2473.477321814255;0;0;0
Jakušenoka doktorāts, SIA;49202000847;;2942;1;8621  ;SIA;6;51755;8625.833333333334;17.591774303195105;347635;57939.166666666664;118.16281441196465;0.1488774145296072;46780;7796.666666666667;23980;3996.6666666666665;0;;
O.Kļaviņas ģimenes ārsta prakse, SIA;41503084477;;952;1;8621  ;SIA;2;7652;3826;8.03781512605042;92725;46362.5;97.40021008403362;0.08252359126449178;19220;9610;9070;4535;0;;
Dr. Ilzes Leimanes ģimenes ārstes prakse, SIA;40203137475;;1555;1;8621  ;SIA;2;47453;23726.5;30.516398713826366;151640;75820;97.51768488745981;0.31293194407807967;21160;10580;12470;6235;0;;
Madaras Freimanes ģimenes ārsta prakse, SIA;40203285616;;824;1;8621  ;SIA;2;28631;14315.5;34.74635922330097;99728;49864;121.02912621359224;0.28709088721321996;14670;7335;7940;3970;0;;
Laimas Jansones ārsta prakse, SIA;41203041587;;1984;1;8621  ;SIA;5;36989;7397.8;18.643649193548388;232217;46443.4;117.04485887096774;0.15928635715731407;42610;8522;24530;4906;0;;
Dziedniecība, Sabiedrība ar ierobežotu atbildību;40003074548;;11415;8;8621  ;SIA;1168;5166871;4423.690924657534;452.63872098116514;39920717;34178.69606164384;3497.2156811213317;0.12942831162075571;2751680;2355.890410958904;1453080;1244.0753424657535;0;300000;-300000
Katedra, Sabiedrība ar ierobežotu atbildību;40003998173;;1474;1;8621  ;SIA;3;31017;10339;21.042740841248303;174520;58173.333333333336;118.3989145183175;0.17772748109099243;26680;8893.333333333334;12870;4290;0;;
Nataļjas Zaharovas ģimenes ārsta prakse, SIA;50103614171;;1864;1;8621  ;SIA;4;25597;6399.25;13.732296137339056;194303;48575.75;104.23980686695279;0.13173754393910542;32100;8025;17660;4415;0;;
Jevgeņijas Soboļevskas ģimenes ārsta prakse, Sabiedrība ar ierobežotu atbildību;40203180410;;1532;1;8621  ;SIA;3;71378;23792.666666666668;46.59138381201044;234518;78172.66666666667;153.07963446475196;0.30436043288788067;34490;11496.666666666666;19000;6333.333333333333;0;;
MOŽUMS-1, Sabiedrība ar ierobežotu atbildību;40103146679;;14912;10;8621  ;SIA;154;129763;842.6168831168832;8.701917918454935;2894088;18792.77922077922;194.07778969957081;0.044837268251691036;573540;3724.285714285714;308660;2004.2857142857142;0;;
GEMMA doktorāts, SIA;40203180779;;1215;1;8621  ;SIA;2;47804;23902;39.34485596707819;127358;63679;104.82139917695473;0.3753513717238022;14960;7480;6800;3400;0;;
Fradinas Tatjanas ģimenes ārsta prakse, SIA;40203258001;;4501;1;8621  ;SIA;6;54440;9073.333333333334;12.095089980004444;230975;38495.833333333336;51.3163741390802;0.235696503950644;47030;7838.333333333333;28740;4790;0;;
Maijas Kozlovskas ģimenes ārsta prakse, SIA;40203005591;;1236;1;8621  ;SIA;3;17653;5884.333333333333;14.282362459546926;149331;49777;120.81796116504854;0.11821390066362644;31770;10590;16850;5616.666666666667;0;;
Ģimenes ārsta Andra Baumaņa prakse, SIA;50103479871;;1820;1;8621  ;SIA;3;18192;6064;9.995604395604396;164390;54796.666666666664;90.32417582417582;0.11066366567309448;38260;12753.333333333334;21150;7050;0;;
Meissana, SIA;52103078601;;1036;1;8621  ;SIA;2;19731;9865.5;19.045366795366796;106750;53375;103.04054054054055;0.1848337236533958;19660;9830;10200;5100;0;;
Ivetas Feldmanes ģimenes ārsta prakse, IK;40002168899;;1792;1;8621  ;IK;2;;;NaN;;;NaN;;11740;5870;6140;3070;;;
VIVENDA, Sabiedrība ar ierobežotu atbildību;44103053110;;1570;1;8621  ;SIA;2;34322;17161;21.861146496815287;6172;3086;3.9312101910828026;5.560920285158781;15770;7885;9040;4520;0;;
Ingas Namavires ģimenes ārsta prakse, Sabiedrība ar ierobežotu atbildību;40203271457;;1218;1;8621  ;SIA;4;31747;7936.75;26.064860426929393;109515;27378.75;89.91379310344827;0.28988723005980915;15930;3982.5;8260;2065;0;;
DAKTERIS, Sabiedrība ar ierobežotu atbildību;40203234018;;1378;1;8621  ;SIA;3;9525;3175;6.912191582002903;153302;51100.666666666664;111.24963715529753;0.06213226181002205;13450;4483.333333333333;8170;2723.3333333333335;56499;;
Zandas Oliņas Putenes ģimenes ārsta prakse, Sabiedrība ar ierobežotu atbildību;40103828928;;1826;1;8621  ;SIA;5;38939;7787.8;21.32475355969332;196145;39229;107.41785323110625;0.19852150195008794;34310;6862;16100.000000000002;3220.0000000000005;0;;
Latvijas Jūras medicīnas centrs, Akciju sabiedrība;40003306807;;10716;8;8610  ;AS;352;880259;2500.7357954545455;82.1443635684957;9363852;26601.852272727272;873.8197088465845;0.09400607784061517;1528190;4341.448863636364;848520;2410.568181818182;0;56000;-56000
J.Gulbes ģimenes ārsta prakse, Sabiedrība ar ierobežotu atbildību;40103703980;;1198;1;8621  ;SIA;1;17315;17315;14.453255425709516;105395;105395;87.97579298831386;0.16428673086958584;9180;9180;3620;3620;0;;
ŅINAS GAILĪTES ĢIMENES ĀRSTA PRAKSE, SIA;54103036131;;2029;1;8621  ;SIA;4;3731;932.75;1.838836865450961;206265;51566.25;101.65845243962544;0.018088381451045986;34330;8582.5;20900;5225;0;;
G.Veides ģimenes ārsta prakse, SIA;40203089067;;1917;1;8621  ;SIA;3;50922;16974;26.56338028169014;199427;66475.66666666667;104.03077725612937;0.2553415535509234;34420;11473.333333333334;17980;5993.333333333333;0;;
Ilzes Skujas Ģimenes ārsta prakse, Sabiedrība ar ierobežotu atbildību;40103269988;;2085;1;8621  ;SIA;10;82089;8208.9;39.371223021582736;313695;31369.5;150.45323741007195;0.26168411992540525;53560;5356;24400;2440;0;;
L.Lejiņas ģimenes ārsta prakse, Sabiedrība ar ierobežotu atbildību;40203244730;;1350;1;8621  ;SIA;2;25861;12930.5;19.156296296296297;112658;56329;83.45037037037036;0.22955316089403327;17210;8605;9120;4560;0;;
Olgas Pilātes ģimenes ārsta prakse, SIA;40203292834;;1211;1;8621  ;SIA;3;7690;2563.3333333333335;6.350123864574732;101486;33828.666666666664;83.80346820809248;0.07577399838401355;18480;6160;9950;3316.6666666666665;0;;
Dakteres Spēlītes ārsta prakse, Sabiedrība ar ierobežotu atbildību;40103688910;;2521;1;8621  ;SIA;4;40066;10016.5;15.89289964299881;259993;64998.25;103.13090043633478;0.15410414895785657;44000;11000;22190;5547.5;0;;
Ģimenes ārstu doktorāts, SIA;40203286594;;1160;1;8621  ;SIA;6;20878;3479.6666666666665;17.998275862068965;113786;18964.333333333332;98.09137931034483;0.18348478723217268;20480;3413.3333333333335;12350;2058.3333333333335;0;;
Balvu un Gulbenes slimnīcu apvienība, Sabiedrība ar ierobežotu atbildību;44103058086;;1575;1;8610  ;SIA;302;852013;2821.235099337748;540.9606349206349;9353322;30971.264900662252;5938.617142857142;0.09109202056766569;1663010;5506.6556291390725;900700;2982.4503311258277;0;302681;-302681
Ārstes Mudītes Zvaigznes prakse, SIA;50003859321;;1695;1;8621  ;SIA;2;33450;16725;19.734513274336283;156868;78434;92.54749262536873;0.2132366065736798;25000;12500;13320;6660;0;;
B. Kalniņas ģimenes ārsta prakse, Sabiedrība ar ierobežotu atbildību;44103058917;;987;1;8621  ;SIA;2;26267;13133.5;26.612968591691995;129389;64694.5;131.09321175278623;0.20300798367712866;19270;9635;10670;5335;0;;
S. MICKEVIČAS ārsta prakse, Sabiedrība ar ierobežotu atbildību;40003670147;;1725;1;8622  ;SIA;4;80953;20238.25;46.92927536231884;219453;54863.25;127.21913043478261;0.368885364975644;28160;7040;15210;3802.5;0;;
Anetes Urķes ģimenes ārsta prakse, SIA;42103109469;;1322;1;8621  ;SIA;3;20592;6864;15.576399394856278;125762;41920.666666666664;95.13010590015129;0.16373785404176142;21780;7260;13100;4366.666666666667;3100;;
Lauras Veides ģimenes ārsta prakse, SIA;40203050044;;1387;1;8621  ;SIA;2;42711;21355.5;30.79379956741168;143178;71589;103.22855082912761;0.2983070024724469;17950;8975;7420;3710;0;;
Veides ārstu prakse, IK;40002103252;;3258;1;8621  ;IK;10;;;NaN;;;NaN;;33450;3345;18320;1832;;;
Aions, SIA;40203245844;;1658;1;8621  ;SIA;3;40529;13509.666666666666;24.44451145958987;159656;53218.666666666664;96.29433051869722;0.2538520318685173;28740;9580;15890;5296.666666666667;0;;
VITA FORTA, SIA;40203184484;;1760;1;8621  ;SIA;3;37996;12665.333333333334;21.588636363636365;184714;61571.333333333336;104.95113636363637;0.2057017876284418;30030;10010;15590;5196.666666666667;0;;
Zaigas Rones ģimenes ārsta prakse, SIA;40203296094;;1926;1;8621  ;SIA;4;46675;11668.75;24.234164070612668;144191;36047.75;74.86552440290758;0.32370258892718684;12820;3205;6750;1687.5;30000;;
DAKTERIS IMANTS, SIA;42102014226;;1542;1;8621  ;SIA;7;29437;4205.285714285715;19.090142671854736;233120;33302.857142857145;151.18028534370947;0.12627402196293755;44600;6371.428571428572;25350;3621.4285714285716;0;;
Skultes doktorāts, SIA;44103081773;;1709;1;8621  ;SIA;4;25218;6304.5;14.75599765944997;264201;66050.25;154.59391456992392;0.09545005507170677;52680;13170;30060;7515;0;;
NMN Med, Sabiedrība ar ierobežotu atbildību;40203314281;;1105;1;8621  ;SIA;4;12722;3180.5;11.513122171945701;3147;786.75;2.8479638009049775;4.042580235144582;8100;2025;4550;1137.5;0;;
Tatjanas Krutikas ārsta prakse, SIA;42103103856;;1282;1;8621  ;SIA;2;13591;6795.5;10.601404056162247;107652;53826;83.97191887675507;0.1262493962025787;18880;9440;10420;5210;0;;
Vija Med, Sabiedrība ar ierobežotu atbildību;40103255812;;1856;1;8621  ;SIA;6;23922;3987;12.889008620689655;267675;44612.5;144.22144396551724;0.08936957130848977;54510;9085;30510;5085;0;;
Ventspils poliklīnika, Pašvaldības SIA;40003246298;;8231;6;8621  ;SIA;95;34224;360.2526315789474;4.157939497023448;2795516;29426.484210526316;339.6326084315393;0.012242462572204916;586500;6173.684210526316;328370;3456.5263157894738;0;1462;1462
NEOCORTEX, SIA;40203153751;;1002;1;8621  ;SIA;2;51063;25531.5;50.961077844311376;108706;54353;108.48902195608783;0.469734881239306;10060;5030;4750;2375;0;;
RŪTAS EGLĪTES ĢIMENES ĀRSTA PRAKSE, SIA;41203025455;;1822;1;8621  ;SIA;6;101680;16946.666666666668;55.80680570801317;281732;46955.333333333336;154.6278814489572;0.36091036871920834;32700.000000000004;5450.000000000001;17020;2836.6666666666665;0;;
Daces Roskas ģimenes ārsta prakse, SIA;40103660588;;2169;1;8621  ;SIA;4;22496;5624;10.371599815583219;195830;48957.5;90.28584601198709;0.11487514681100955;33640;8410;17440;4360;0;;
Pūces ģimenes ārsta prakse, SIA;40203183173;;2184;1;8621  ;SIA;3;43838;14612.666666666666;20.07234432234432;236093;78697.66666666667;108.10119047619048;0.1856810663594431;40310;13436.666666666666;20720;6906.666666666667;0;;
A.Jurovas ģimenes ārsta prakse, SIA;42103086842;;1622;1;8621  ;SIA;2;76970;38485;47.4537607891492;170362;85181;105.03205918618988;0.4518026320423569;19860;9930;9720;4860;0;;
Ingara Burlaka ģimenes ārsta prakse, Sabiedrība ar ierobežotu atbildību;40103618701;;1925;1;8621  ;SIA;6;73478;12246.333333333334;38.17038961038961;251176;41862.666666666664;130.48103896103896;0.2925359110743065;37230;6205;16200;2700;0;;
Ārstu prakse AiMed, Sabiedrība ar ierobežotu atbildību;50103887571;;1728;1;8621  ;SIA;4;44180;11045;25.56712962962963;251505;62876.25;145.546875;0.17566251167968827;42010;10502.5;25470;6367.5;0;;
Kristīnes Babickas ģimenes ārstes prakse, Sabiedrība ar ierobežotu atbildību;43603030568;;2241;1;8621  ;SIA;3;71558;23852.666666666668;31.93128067826863;232057;77352.33333333333;103.55064703257474;0.30836389335378805;29730;9910;12590;4196.666666666667;0;;
APG project, Sabiedrība ar ierobežotu atbildību;40203094301;;1558;1;8621  ;SIA;7;83552;11936;53.62772785622593;185931;26561.571428571428;119.3395378690629;0.4493710032216252;20500;2928.5714285714284;14400;2057.1428571428573;0;;
ARST-L, SIA;40103538020;;2019;1;8621  ;SIA;1;18120;18120;8.974739970282318;175970;175970;87.1570084200099;0.10297209751662215;14070;14070;8580;8580;0;;
M.Jakušenokas ārstu prakse, SIA;44103143306;;1905;1;8621  ;SIA;4;66265;16566.25;34.78477690288714;212738;53184.5;111.6734908136483;0.31148642931681225;19950;4987.5;10750;2687.5;0;;
Ellas Šatalovas ģimenes ārsta un pediatra prakse, SIA;40103958266;;5786;1;8621  ;SIA;18;250170;13898.333333333334;43.2371240926374;760877;42270.944444444445;131.50311095748359;0.3287916443787892;89840;4991.111111111111;47770;2653.8888888888887;0;;
Astrīdas Kalnāres ģimenes ārstes prakse, Sabiedrība ar ierobežotu atbildību;40203188344;;1151;1;8621  ;SIA;4;3618;904.5;3.143353605560382;134727;33681.75;117.05212858384014;0.0268543053730878;14860;3715;7450;1862.5;0;;
KSB Doktorāts, SIA;42103099014;;2661;1;8621  ;SIA;6;32441;5406.833333333333;12.191281473130402;249121;41520.166666666664;93.61931604659902;0.13022186005997086;32110;5351.666666666667;17050;2841.6666666666665;0;;
ĢIMENES ĀRSTA PRAKSE, Sabiedrība ar ierobežotu atbildību;40002079355;;1891;2;8621  ;SIA;5;11565;2313;6.1158117398202005;96086;19217.2;50.812268640930725;0.12036092666985825;46510;9302;25360;5072;0;;
Medicinus, Sabiedrība ar ierobežotu atbildību;40103283568;;1524;1;8621  ;SIA;3;58325;19441.666666666668;38.270997375328086;191664;63888;125.76377952755905;0.3043085816846147;22980;7660;13640;4546.666666666667;0;;
Ilzes Silanžas ārsta prakse, SIA;40203130049;;1603;1;8622  ;SIA;5;11434;2286.8;7.132875857766687;287638;57527.6;179.43730505302557;0.03975135413262504;57160;11432;33150;6630;0;;
Ainažu doktorāts, SIA;44103096567;;1244;1;8621  ;SIA;4;11476;2869;9.22508038585209;181774;45443.5;146.12057877813504;0.06313334140196068;32420;8105;15590;3897.5;0;;
Rīgas 1. slimnīca, SIA;40003439279;;4434;4;8610  ;SIA;796;723088;908.4020100502513;163.07803337843933;22812868;28659.381909547737;5144.98601714028;0.031696496906921126;4028680;5061.155778894472;2161750;2715.7663316582916;0;0;0
M. Kļaviņas ĢĀP, SIA;40203352315;;1667;1;8621  ;SIA;0;;;NaN;;;NaN;;0;Infinity;0;Infinity;;;
K. Konstantinovas Ģimenes ārsta prakse, Sabiedrība ar ierobežotu atbildību;40203275016;;3237;1;8621  ;SIA;5;124306;24861.2;38.40160642570281;328201;65640.2;101.39048501699104;0.37874960770990945;35210;7042;18420;3684;0;;
Bekker medical, SIA;40203046994;;1328;1;8621  ;SIA;5;84492;16898.4;63.623493975903614;219613;43922.6;165.37123493975903;0.3847313228269729;24740;4948;12670;2534;0;;
Dinas Puhartes doktorāts, SIA;44103033858;;4246;1;8621  ;SIA;7;38016;5430.857142857143;8.953367875647668;419017;59859.57142857143;98.68511540273198;0.09072662922984032;46510;6644.285714285715;26460;3780;0;;
Dr. Jūlija Lazutina, SIA;40203281525;;1464;1;8621  ;SIA;3;30717;10239;20.98155737704918;117625;39208.333333333336;80.34494535519126;0.2611434643995749;14710;4903.333333333333;6550;2183.3333333333335;0;;
VIĻĀNU DOKTORĀTS I, Sabiedrība ar ierobežotu atbildību;42403009791;;1651;1;8621  ;SIA;5;50016;10003.2;30.294367050272562;191813;38362.6;116.17989097516657;0.26075396349569635;32750;6550;17790;3558;0;;
I.Kuģes ģimenes ārsta prakse, Sabiedrība ar ierobežotu atbildību;50103611461;;1533;1;8621  ;SIA;4;24472;6118;15.963470319634704;168371;42092.75;109.8310502283105;0.14534569492371013;32439.999999999996;8109.999999999999;18640;4660;0;;
RĪGAS PILSĒTAS ĢIMENES ĀRSTES SARMĪTES BREICES INDIVIDUĀLAIS UZŅĒMUMS, Individuālais uzņēmums;40002083454;;1705;1;;;2;-4038;-2019;-2.3683284457478004;115214;57607;67.5741935483871;-0.035047824049160695;;;;;0;;
Aksanas Utenkovas ārsta prakse, SIA;48503016987;;1548;1;8621  ;SIA;5;9595;1919;6.198320413436693;200286;40057.2;129.38372093023256;0.047906493713988994;42920;8584;24360;4872;0;;
MPWG, Sabiedrība ar ierobežotu atbildību;45403058440;;1528;1;8621  ;SIA;3;43894;14631.333333333334;28.726439790575917;170641;56880.333333333336;111.67604712041884;0.257230091244191;24890;8296.666666666666;13190;4396.666666666667;0;;
Ludmilas Skrjabinas ārsta prakse, Sabiedrība ar ierobežotu atbildību;43603045417;;1290;1;8621  ;SIA;3;22331;7443.666666666667;17.310852713178296;139773;46591;108.35116279069767;0.1597661923261288;21480;7160;12040;4013.3333333333335;0;;
Madonas slimnīca, Madonas novada pašvaldības SIA;40003356507;;1054;1;8610  ;SIA;326;773993;2374.211656441718;734.3387096774194;11186892;34315.61963190184;10613.749525616699;0.06918749193252245;2015460;6182.39263803681;1071150;3285.7361963190183;0;0;0
Hedvigas Kronbergas ģimenes ārsta prakse, SIA;40203030404;;1891;1;8621  ;SIA;2;47399;23699.5;25.065573770491802;179333;89666.5;94.83500793231094;0.26430718272710546;6700;3350;3990;1995;0;;
LIEPA UN GAILĪTE, Sabiedrība ar ierobežotu atbildību;40003532553;;1292;1;4773  ;SIA;7;45041;6434.428571428572;34.86145510835913;678403;96914.71428571429;525.0797213622291;0.0663926898908171;48010;6858.571428571428;28700;4100;0;;
Maijas Liepiņas ģimenes ārsta prakse, SIA;44103122484;;3790;1;8621  ;SIA;6;104800;17466.666666666668;27.651715039577837;414933;69155.5;109.48100263852243;0.25257089698818846;53540;8923.333333333334;29540;4923.333333333333;0;;
I. Ločmeles ārsta prakse, Sabiedrība ar ierobežotu atbildību;44103040402;;1398;1;8621  ;SIA;4;34297;8574.25;24.532904148783977;178309;44577.25;127.54577968526466;0.19234587149274573;34230;8557.5;18170;4542.5;0;;
RIMED, Sabiedrība ar ierobežotu atbildību;43603033992;;1845;1;8621  ;SIA;6;17059;2843.1666666666665;9.246070460704606;216944;36157.333333333336;117.58482384823849;0.07863319566339701;44660;7443.333333333333;25970;4328.333333333333;0;;
RSU Ambulance, SIA;40003837074;;1752;1;8621  ;SIA;111;42805;385.6306306306306;24.432077625570777;1713267;15434.837837837838;977.8921232876712;0.024984430331057565;390050;3513.963963963964;213700;1925.2252252252251;0;;
Jelgavas poliklīnika, SIA;41703007095;;11857;10;8621  ;SIA;221;440298;1992.2986425339366;37.134013662815214;5715098;25860.171945701357;482.00202412077255;0.07704119859361992;1093910;4949.819004524887;602510;2726.289592760181;0;;
DH prakse, SIA;44103114006;;1931;1;8621  ;SIA;3;84875;28291.666666666668;43.95390989124806;200361;66787;103.7602278612118;0.4236103832582189;17660;5886.666666666667;11840;3946.6666666666665;0;;
TriA SAD, Sabiedrība ar ierobežotu atbildību;40003991419;;1436;1;8621  ;SIA;4;19588;4897;13.64066852367688;123685;30921.25;86.13161559888579;0.1583700529571088;22240;5560;11300;2825;0;;
Sarmas Līsmanes ģimenes ārstes prakse, SIA;44102019274;;1599;1;8621  ;SIA;6;30624;5104;19.151969981238274;206354;34392.333333333336;129.05190744215133;0.14840516781840915;32940;5490;18430;3071.6666666666665;0;;
Dr. I.Bergas veselības & konsultāciju centrs, SIA;40103193315;;1435;1;8621  ;SIA;4;;;NaN;;;NaN;;24500;6125;13470;3367.5;;;
L.Ņemņasevas ģimenes ārsta un pediatra prakse, Sabiedrība ar ierobežotu atbildību;42403034657;;1595;1;8621  ;SIA;3;57622;19207.333333333332;36.12664576802508;228486;76162;143.2514106583072;0.25219050620169287;23350;7783.333333333333;13560;4520;0;;
MEDEXPERT PLUS, Sabiedrība ar ierobežotu atbildību;41503089417;;2982;1;8622  ;SIA;23;298711;12987.434782608696;100.17136150234742;491812;21383.130434782608;164.92689470154258;0.6073682626694753;46120;2005.2173913043478;20910;909.1304347826087;0;;
R.D. doktorāts, SIA;40103321357;;2358;1;8621  ;SIA;10;4988;498.8;2.1153519932145888;310168;31016.8;131.53859202714165;0.016081607386964483;57390;5739;32280;3228;0;;
Ilzes Rudko ārsta prakse, Sabiedrība ar ierobežotu atbildību;43603033723;;1818;1;8621  ;SIA;3;47585;15861.666666666666;26.174367436743676;169721;56573.666666666664;93.35588558855886;0.2803719044785265;26770;8923.333333333334;13380;4460;0;;
M.BINDRES DOKTORĀTS, SIA;40003426325;;2217;1;8621  ;SIA;7;17206;2458;7.760938204781236;274117;39159.57142857143;123.64321154713576;0.06276881769463405;56890;8127.142857142857;34280;4897.142857142857;0;5500;-5500
Ārstu privātprakse "SVĪRE PLUS", Sabiedrība ar ierobežotu atbildību;40003425917;;4695;3;8621  ;SIA;18;162326;9018.111111111111;34.57422790202343;679900;37772.22222222222;144.81363152289669;0.23874981614943375;112530;6251.666666666667;68650;3813.8888888888887;0;;
Kauguru veselības centrs, Pašvaldības sabiedrība ar ierobežotu atbildību;40003219995;;5276;4;8621  ;SIA;97;103971;1071.8659793814434;19.706406368460954;2694145;27774.690721649484;510.64158453373767;0.03859146408229698;511130;5269.381443298969;274470;2829.5876288659792;0;;
Iekšlietu ministrijas poliklīnika, Valsts sabiedrība ar ierobežotu atbildību;40003400059;;7125;5;8621  ;SIA;133;1262;9.488721804511279;0.17712280701754385;2961489;22266.834586466164;415.6475789473684;0.00042613698717098057;627460;4717.744360902256;342510;2575.2631578947367;0;;
Inas Zemtures ģimenes ārsta-pediatra prakse, SIA;41203056972;;1650;1;8621  ;SIA;3;23687;7895.666666666667;14.355757575757575;170931;56977;103.59454545454545;0.13857638462303504;31090;10363.333333333334;17570;5856.666666666667;0;;
Krimuldas doktorāts, Sabiedrība ar ierobežotu atbildību;40003171701;;3590;2;8621  ;SIA;8;133919;16739.875;37.3033426183844;450481;56310.125;125.48217270194986;0.2972800184691474;74030;9253.75;44550;5568.75;0;;
M & M centrs, Sabiedrība ar ierobežotu atbildību;40003872915;;1761;1;8621  ;SIA;6;137255;22875.833333333332;77.94151050539466;427588;71264.66666666667;242.80976717773993;0.32099825065249726;24190;4031.6666666666665;14400;2400;0;;
Nadeždas Tereškinas ģimenes ārsta prakse, Sabiedrība ar ierobežotu atbildību;40203246483;;1578;1;8621  ;SIA;4;2260;565;1.432192648922687;149808;37452;94.93536121673004;0.015085976716864253;32470;8117.5;18530;4632.5;0;;
OLGAS GOLUBES ĢIMENES ĀRSTA PRAKSE, Sabiedrība ar ierobežotu atbildību;41503064502;;1577;1;8622  ;SIA;4;16502;4125.5;10.46417247939125;0;0;0;Infinity;36160;9040;19300;4825;0;;
SANUS SN, SIA;40103966244;;1831;1;8621  ;SIA;4;31081;7770.25;16.974877116329875;204457;51114.25;111.66411796832332;0.1520172945900605;38840;9710;21620;5405;0;;
Nadeta, SIA;41503045338;;2885;1;8621  ;SIA;6;90780;15130;31.466204506065857;475557;79259.5;164.8377816291161;0.1908919435525079;76540;12756.666666666666;41060;6843.333333333333;0;;
ARMONIA HEALTH, SIA;40203294337;;1245;1;8621  ;SIA;4;27902;6975.5;22.41124497991968;108691;27172.75;87.30200803212851;0.2567093871617705;16180;4045;8920;2230;0;;
G.Ozolas ģimenes ārsta prakse, Sabiedrība ar ierobežotu atbildību;44103065321;;2871;1;8621  ;SIA;5;27271;5454.2;9.498780912574016;299332;59866.4;104.26053639846744;0.09110619646412679;53240;10648;33170;6634;0;;
Beātes Salenieces Ģimenes ārsta prakse, Sabiedrība ar ierobežotu atbildību;44103119003;;1660;1;8621  ;SIA;3;60163;20054.333333333332;36.24277108433735;190593;63531;114.81506024096386;0.3156621701741407;29140;9713.333333333334;15520;5173.333333333333;0;;
Ilzes Vaičekones ārsta prakse, Sabiedrība ar ierobežotu atbildību;43603041063;;1867;1;8621  ;SIA;3;112580;37526.666666666664;60.29994643813605;231597;77199;124.04767005891804;0.4861030151513189;19430;6476.666666666667;10850;3616.6666666666665;0;;
INATE, SIA;42102025287;;3152;3;8621  ;SIA;8;207209;25901.125;65.73889593908629;420705;52588.125;133.47239847715736;0.49252801844522887;51710;6463.75;25220;3152.5;0;;
Guntas Āboltiņas ģimenes ārsta prakse, Sabiedrība ar ierobežotu atbildību;40203030457;;2235;1;8621  ;SIA;5;38699;7739.8;17.314988814317672;250359;50071.8;112.01744966442953;0.15457403169049244;41940;8388;22460;4492;0;;
I.Lielkalnes ģimenes ārsta prakse, SIA;45403058968;;1298;1;8621  ;SIA;3;48615;16205;37.4537750385208;180352;60117.333333333336;138.94607087827427;0.26955620120652946;32960;10986.666666666666;17960;5986.666666666667;0;;
N.Janpaule-ģimenes ārsta prakse, Sabiedrība ar ierobežotu atbildību;41503050273;;1866;1;8621  ;SIA;4;74596;18649;39.97642015005359;196679;49169.75;105.40139335476957;0.37927790969040925;25130;6282.5;14400;3600;0;;
AP MED, Sabiedrība ar ierobežotu atbildību;50203179771;;1274;1;8621  ;SIA;3;2867;955.6666666666666;2.2503924646781788;139354;46451.333333333336;109.38304552590267;0.020573503451641145;27560;9186.666666666666;15360;5120;0;;
Valijas Pčolkinas ģimenes ārsta prakse, Sabiedrība ar ierobežotu atbildību;50002071141;;1772;1;8621  ;SIA;6;-12726;-2121;-7.181715575620768;210010;35001.666666666664;118.5158013544018;-0.06059711442312271;49740;8290;29400;4900;0;;
Baibas Koševares ģimenes ārsta prakse, SIA;41203068558;;1505;1;8621  ;SIA;4;20500;5125;13.621262458471762;173151;43287.75;115.05049833887043;0.11839377191006693;25380;6345;13690;3422.5;0;;
Mazsalacas slimnīca, Sabiedrība ar ierobežotu atbildību;40003261206;;1535;3;8710  ;SIA;44;9272;210.72727272727272;6.040390879478827;863804;19631.909090909092;562.7387622149837;0.010733916490314932;163090;3706.590909090909;80430;1827.9545454545455;0;;
Veselības centru apvienība, AS;40103464662;;26826;19;8621  ;AS;1781;10408422;5844.144862436833;387.99753970029076;52974153;29744.049971925884;1974.7317154998882;0.19648114052904253;8441920;4739.988770353734;4433450;2489.303761931499;0;7500000;-7500000
Jaunpiebalgas doktorāts, SIA;40203353880;;1478;1;8621  ;SIA;2;;;NaN;;;NaN;;1570;785;860;430;;;
Anna Bertones ģimenes ārsta prakse, SIA;40103964686;;991;1;8621  ;SIA;3;59119;19706.333333333332;59.65590312815338;107035;35678.333333333336;108.00706357214935;0.552333348904564;6200;2066.6666666666665;1170;390;180;;
GUNTAS KAUGARES ĢIMENES ĀRSTA PRAKSE, Sabiedrība ar ierobežotu atbildību;44103032655;;1568;1;8621  ;SIA;4;38686;9671.5;24.67219387755102;223492;55873;142.53316326530611;0.17309791849372685;32910;8227.5;18040;4510;0;;
Ligitas Hohas ārsta prakse, SIA;50103248761;;1520;1;8621  ;SIA;4;14560;3640;9.578947368421053;161895;40473.75;106.50986842105263;0.08993483430618611;30650;7662.5;19170;4792.5;0;;
Aijas Briedes ārsta prakse, SIA;51203060791;;1834;1;8621  ;SIA;3;46279;15426.333333333334;25.233914940021812;212802;70934;116.03162486368593;0.2174744598265054;34990;11663.333333333334;19450;6483.333333333333;0;;
Aglonas doktorāts-S, SIA;41503045323;;1121;1;8412  ;SIA;4;13472;3368;12.017841213202498;138358;34589.5;123.42372881355932;0.09737058934069588;29630;7407.5;16580;4145;0;;
Revigo, Sabiedrība ar ierobežotu atbildību;40203195100;;714;1;8621  ;SIA;3;39198;13066;54.89915966386555;116819;38939.666666666664;163.61204481792717;0.3355447315933196;15480;5160;9480;3160;3250;;
Medical ambulance, Sabiedrība ar ierobežotu atbildību;40203363978;;1989;1;8621  ;SIA;2;;;NaN;;;NaN;;0;0;0;0;;;
I. Veinbergas ģimenes ārsta prakse, Sabiedrība ar ierobežotu atbildību;55403058391;;1317;1;8621  ;SIA;3;27134;9044.666666666666;20.602885345482157;141451;47150.333333333336;107.4039483675019;0.19182614474270243;27070;9023.333333333334;11960;3986.6666666666665;0;;
I. Beļaunieces ģimenes ārsta prakse, SIA;50203340731;;2324;1;8621  ;SIA;3;49407;16469;21.25946643717728;85437;28479;36.76290877796902;0.5782857544155342;3960;1320;2470;823.3333333333334;0;;
Rūtas Vanagas ārsta prakse, SIA;44103119889;;1128;1;8621  ;SIA;2;66226;33113;58.71099290780142;156636;78318;138.86170212765958;0.42280191016113794;17870;8935;9510;4755;0;;
JanaMed, SIA;40203202262;;1781;1;8621  ;SIA;4;52611;13152.75;29.54014598540146;221011;55252.75;124.0937675463223;0.23804697503744157;36850;9212.5;20340;5085;0;;
Liepājas ģimenes veselības centrs, SIA;40203270856;;2990;1;8621  ;SIA;4;70825;17706.25;23.687290969899667;207085;51771.25;69.25919732441471;0.3420093198445083;24030;6007.5;12630;3157.5;0;;
Siguldas slimnīca, SIA;40003124730;;1160;1;8610  ;SIA;238;95498;401.25210084033614;82.32586206896552;6492736;27280.40336134454;5597.186206896552;0.014708437244329664;1068140;4487.983193277311;571280;2400.3361344537816;0;;
Dr. A.Šmitiņas privātprakse, SIA;40103393938;;1822;1;8621  ;SIA;4;20475;5118.75;11.237650933040614;207380;51845;113.81997804610319;0.09873179670170701;33380;8345;18620;4655;0;;
Kronoss, Sabiedrība ar ierobežotu atbildību;41203006007;;2442;3;8621  ;SIA;35;42153;1204.3714285714286;17.26167076167076;622611;17788.885714285716;254.95945945945945;0.06770359020319268;124340;3552.5714285714284;67840;1938.2857142857142;0;;
MEDAKO, Sabiedrība ar ierobežotu atbildību;40103398649;;1319;1;8621  ;SIA;5;55778;11155.6;42.288097043214556;199571;39914.2;151.30477634571645;0.2794895049881997;12590;2518;8710;1742;61500;;
Jāņa Sergejenko ģimenes ārsta prakse, SIA;48503014083;;1189;1;8621  ;SIA;5;59944;11988.8;50.41547518923465;152725;30545;128.44827586206895;0.39249631690947784;15680;3136;10300;2060;0;;
ĢAP Iveta Skurule, Sabiedrība ar ierobežotu atbildību;40103510872;;1375;1;8621  ;SIA;5;6485;1297;4.716363636363637;173257;34651.4;126.00509090909091;0.03742994511044287;36330;7266;20830;4166;0;;
INMED, Sabiedrība ar ierobežotu atbildību;43603034470;;2489;1;8621  ;SIA;3;76571;25523.666666666668;30.76376054640418;263864;87954.66666666667;106.01205303334673;0.2901911590819513;33350;11116.666666666666;17410;5803.333333333333;0;;
Valijas Nagņibedas ģimenes ārsta prakse, SIA;43603086006;;1481;1;8621  ;SIA;3;1464;488;0.9885212694125591;165875;55291.666666666664;112.00202565833897;0.008825923134890732;35380;11793.333333333334;20100;6700;0;;
SANUS GS, Sabiedrība ar ierobežotu atbildību;51203028491;;1397;1;8621  ;SIA;2;44889;22444.5;32.13242662848962;144017;72008.5;103.09019327129563;0.3116923696508051;19260;9630;11140;5570;0;;
Ārsts TM, Sabiedrība ar ierobežotu atbildību;40203149883;;1743;1;8621  ;SIA;6;59753;9958.833333333334;34.281698221457255;200018;33336.333333333336;114.75502008032129;0.2987381135697787;28500;4750;17040;2840;0;;
Svetlanas Sergejenko ģimenes ārsta prakse, SIA;40203235545;;1296;1;8621  ;SIA;5;38734;7746.8;29.887345679012345;9458;1891.6;7.297839506172839;4.095368999788539;25640;5128;14940;2988;0;;
VECPIEBALGAS DOKTORĀTS, SIA;44103027601;;2244;1;8621  ;SIA;8;75807;9475.875;33.782085561497325;459065;57383.125;204.57442067736184;0.16513347782993693;90400;11300;46780;5847.5;0;;
Thymus, SIA;40103541942;;2756;1;8621  ;SIA;5;16280;3256;5.90711175616836;297439;59487.8;107.92416545718433;0.054733911827299045;67370;13474;39420;7884;0;;
Ornellas Smirnovas ģimenes ārsta prakse, SIA;43603088238;;1624;1;8621  ;SIA;3;15446;5148.666666666667;9.511083743842365;170157;56719;104.77647783251231;0.09077499015614991;38150;12716.666666666666;21710;7236.666666666667;7915;;
Daigas Āboltiņas ģimenes ārsta prakse, Sabiedrība ar ierobežotu atbildību;40103826221;;1956;1;8621  ;SIA;5;35937;7187.4;18.37269938650307;224531;44906.2;114.79089979550102;0.1600536228850359;41390;8278;24790;4958;0;;
SANDRAS KUKAINES DOKTORĀTS, SIA;44103033824;;2346;1;8621  ;SIA;5;25307;5061.4;10.787297527706734;258314;51662.8;110.10826939471441;0.0979699125870065;32270.000000000004;6454.000000000001;18670;3734;0;;
ArST prof, SIA;40203295421;;1742;1;8621  ;SIA;4;38569;9642.25;22.140642939150403;128355;32088.75;73.6825487944891;0.3004869307779206;17190;4297.5;8720;2180;0;;
Adoria, Sabiedrība ar ierobežotu atbildību;40003812070;;706;1;8622  ;SIA;34;-71041;-2089.4411764705883;-100.62464589235128;745134;21915.70588235294;1055.4305949008499;-0.09533989859542043;106950;3145.5882352941176;66130;1945;0;;
LIDIJAS LAGANOVSKAS ĢIMENES ĀRSTA PRAKSE, SIA;43603083048;;1913;1;8621  ;SIA;3;61841;20613.666666666668;32.326711970726606;204722;68240.66666666667;107.01620491374804;0.30207305516749544;29580;9860;16379.999999999998;5459.999999999999;0;;
VIMED, Sabiedrība ar ierobežotu atbildību;43603024218;;1973;1;8621  ;SIA;5;22693;4538.6;11.501773948302079;247456;49491.2;125.42118601115054;0.0917051920341394;39540;7908;21280;4256;0;;
D.Pastares prakse, Sabiedrība ar ierobežotu atbildību;40103634602;;1349;1;8621  ;SIA;3;18664;6221.333333333333;13.835433654558933;175915;58638.333333333336;130.40400296515938;0.10609669442628542;35000;11666.666666666666;17780;5926.666666666667;0;;
Dr.Katerynas prakse, SIA;40203356853;;1361;1;8621  ;SIA;3;-5916;-1972;-4.3468038207200586;52;17.333333333333332;0.03820720058780309;-113.76923076923077;0;0;0;0;0;;
Apes ārsta prakse, Sabiedrība ar ierobežotu atbildību;44103117144;;1515;1;8621  ;SIA;5;24163;4832.6;15.94917491749175;208942;41788.4;137.9155115511551;0.11564453293258416;39250;7850;18320;3664;0;;
Medical Solutions, Sabiedrība ar ierobežotu atbildību;44103136018;;1785;1;8621  ;SIA;5;51628;10325.6;28.92324929971989;2244;448.8;1.2571428571428571;23.007130124777184;26040;5208;15180;3036;0;;
Bulduru Doktorāts, Sabiedrība ar ierobežotu atbildību;40103862294;;1654;1;8621  ;SIA;8;43890;5486.25;26.535671100362755;328785;41098.125;198.78174123337365;0.13349149140015512;71920;8990;38770;4846.25;0;;
SAMMAR, SIA;43603072330;;1049;1;8621  ;SIA;3;17087;5695.666666666667;16.28884652049571;103763;34587.666666666664;98.9161105815062;0.16467334213544327;13910;4636.666666666667;6300;2100;0;;
Angel Plus, Sabiedrība ar ierobežotu atbildību;40103207456;;1790;1;8690  ;SIA;3;19679;6559.666666666667;10.993854748603352;166144;55381.333333333336;92.81787709497206;0.11844544491525423;30740;10246.666666666666;17380;5793.333333333333;0;;
Prakse ģimenei, SIA;45403032009;;2059;1;8621  ;SIA;5;43016;8603.2;20.891694997571637;240410;48082;116.7605633802817;0.1789276652385508;41560;8312;22310;4462;0;;
Vesela ģimene, SIA;40203322503;;637;1;8621  ;SIA;3;9691;3230.3333333333335;15.213500784929357;54044;18014.666666666668;84.8414442700157;0.17931685293464583;6940;2313.3333333333335;3900;1300;0;;
Annas Višņovas doktorāts, SIA;45403053763;;1382;1;8621  ;SIA;4;668;167;0.4833574529667149;138169;34542.25;99.97756874095514;0.004834659004552396;37670;9417.5;21720;5430;0;;
L. ZIEMELES DOKTORĀTS, SIA;44103134360;;1611;1;8621  ;SIA;6;24285;4047.5;15.074487895716945;195556;32592.666666666668;121.38795779019243;0.12418437685368897;34210;5701.666666666667;19570;3261.6666666666665;0;6500;-6500
ĻUBOVAS BARANOVSKAS ĢIMENES ĀRSTA PRAKSE, SIA;41503086891;;1263;1;8621  ;SIA;6;3566;594.3333333333334;2.8234362628661915;162981;27163.5;129.04275534441805;0.02187985102557967;35600;5933.333333333333;20200;3366.6666666666665;0;;
Sandras Lapsas-Ārentas ģimenes ārstes prakse, Sabiedrība ar ierobežotu atbildību;43603068180;;3263;1;8621  ;SIA;5;98203;19640.6;30.0959239963224;292093;58418.6;89.51670242108489;0.3362045649844399;45900;9180;25830;5166;0;30000;-30000
Titurgas doktorāts, Sabiedrība ar ierobežotu atbildību;40203305217;;2121;1;8621  ;SIA;5;46108;9221.6;21.738802451673738;102254;20450.8;48.21027817067421;0.45091634557083343;13490;2698;7600;1520;0;;
LAURAS RĒRIHAS PRAKSE, Sabiedrība ar ierobežotu atbildību;41203065903;;1859;1;8621  ;SIA;4;45659;11414.75;24.5610543302851;151628;37907;81.56428187197417;0.3011251220091276;23470;5867.5;13230;3307.5;0;;
Ērikas Borisovas ģimenes ārsta prakse, Sabiedrība ar ierobežotu atbildību;43603034004;;1795;1;8621  ;SIA;3;35850;11950;19.972144846796656;217501;72500.33333333333;121.17047353760445;0.16482682838239823;35980;11993.333333333334;20040;6680;0;;
ASAFREJA, Sabiedrība ar ierobežotu atbildību;44103051389;;1988;1;8621  ;SIA;3;103733;34577.666666666664;52.179577464788736;222098;74032.66666666667;111.71931589537223;0.4670595863087466;21590;7196.666666666667;12180;4060;0;;
Jānis Raibarts - ārsta prakse un konsultācijas, SIA;40203141517;;2003;1;8621  ;SIA;5;42033;8406.6;20.98502246630055;221430;44286;110.54917623564653;0.1898252269340198;34940;6988;18240;3648;0;;
VIDEMED, SIA;40103335713;;1843;1;8621  ;SIA;3;55886;18628.666666666668;30.323385784047748;199192;66397.33333333333;108.08030385241454;0.28056347644483715;27380;9126.666666666666;15320;5106.666666666667;0;;
CENTRA DOKTORĀTS, Sabiedrība ar ierobežotu atbildību;43602007761;;1774;1;8621  ;SIA;6;47533;7922.166666666667;26.794250281848928;294825;49137.5;166.1922209695603;0.1612244551852794;54420;9070;30530;5088.333333333333;0;;
S. Stepiņas doktorāts, SIA;40203284023;;1488;1;8621  ;SIA;5;33928;6785.6;22.801075268817204;166936;33387.2;112.18817204301075;0.2032395648631811;31400;6280;17120;3424;0;;
VIZMAS OLTES ģimenes ārsta prakse, SIA;44103097257;;1415;1;8621  ;SIA;3;8255;2751.6666666666665;5.833922261484099;163698;54566;115.68763250883393;0.05042822758983005;31560;10520;18960;6320;0;;
Mārupes ambulance 1, Sabiedrība ar ierobežotu atbildību;40003684325;;4245;2;8621  ;SIA;10;;;NaN;;;NaN;;92610;9261;47330;4733;;;
Ivetas Vīksnes ģimenes ārsta prakse, Sabiedrība ar ierobežotu atbildību;40103713828;;2536;1;8621  ;SIA;6;25541;4256.833333333333;10.071372239747634;300501;50083.5;118.49408517350157;0.08499472547512321;60280;10046.666666666666;29210;4868.333333333333;0;0;0
RĪTS M, Sabiedrība ar ierobežotu atbildību;50203182911;;1678;1;8621  ;SIA;5;;;NaN;;;NaN;;27840;5568;15190;3038;;;
VIDRIŽU DOKTORĀTS, SIA;44103008691;;1675;1;8621  ;SIA;11;22219;2019.909090909091;13.265074626865673;346675;31515.909090909092;206.97014925373134;0.0640917285642172;56120;5101.818181818182;30010;2728.181818181818;0;;
M.Zakse-Grigorjana ģimenes ārsta prakse, SIA;48503022127;;1435;1;8621  ;SIA;4;35640;8910;24.83623693379791;154873;38718.25;107.92543554006969;0.23012403711428073;27090;6772.5;15750;3937.5;0;;
āp DOCTUS, SIA;42103067428;;1155;1;8621  ;SIA;3;10729;3576.3333333333335;9.289177489177488;138343;46114.333333333336;119.77748917748917;0.07755361673521609;24720;8240;12730;4243.333333333333;0;;
Dr.Aļonas prakse, Sabiedrība ar ierobežotu atbildību;54103132821;;2220;1;8621  ;SIA;5;111816;22363.2;50.36756756756757;228603;45720.6;102.97432432432433;0.4891274392724505;32369.999999999996;6473.999999999999;17950;3590;0;;
Daces Tuzikas ārsta prakse, Sabiedrība ar ierobežotu atbildību;40103754968;;582;1;8621  ;SIA;3;43304;14434.666666666666;74.40549828178695;131224;43741.333333333336;225.47079037800688;0.3300006096445772;15350;5116.666666666667;7850;2616.6666666666665;0;;
A.Ādamsona ģimenes ārsta prakse, SIA;44103108476;;1607;1;8621  ;SIA;3;44056;14685.333333333334;27.4150591163659;171125;57041.666666666664;106.48724331051649;0.25744923301680056;29680;9893.333333333334;15440;5146.666666666667;0;;
LAIMAS PRAKSE, SIA;40203292798;;1154;1;8621  ;SIA;3;948;316;0.8214904679376083;116910;38970;101.30849220103985;0.00810880164228894;22120;7373.333333333333;13500;4500;0;;
KĀRVINS, SIA;44103053178;;8659;2;8621  ;SIA;15;251225;16748.333333333332;29.013165492551103;768589;51239.26666666667;88.76186626631251;0.32686520363939636;41300;2753.3333333333335;17970;1198;0;;
Medeor, SIA;42103037688;;1931;1;8621  ;SIA;7;19321;2760.1428571428573;10.005696530295184;263976;37710.857142857145;136.7042982910409;0.07319225990241537;51370;7338.571428571428;25810;3687.1428571428573;0;;
Vija Sniedziņa, IK;41202025000;;1743;1;8621  ;IK;3;;;NaN;;;NaN;;21840;7280;9920;3306.6666666666665;;;
A.Stubailovas ģimenes ārsta prakse, SIA;40203276793;;1216;1;8621  ;SIA;5;43788;8757.6;36.00986842105263;159317;31863.4;131.0172697368421;0.27484825850348676;23250;4650;13120;2624;0;;
I.Dūces ārsta privātprakse, Sabiedrība ar ierobežotu atbildību;50103637121;;886;1;8621  ;SIA;2;45429;22714.5;51.27426636568849;93406;46703;105.42437923250564;0.4863606192321692;10270;5135;4500;2250;0;;
I.Jakubaites ģimenes ārsta prakse, Sabiedrība ar ierobežotu atbildību;40003943512;;1452;1;8621  ;SIA;4;31689;7922.25;21.824380165289256;193370;48342.5;133.1749311294766;0.16387754046646325;37560;9390;20250;5062.5;0;;
Krasnikova Jeļena - ģimenes ārsta prakse, SIA;41503086726;;4013;2;8621  ;SIA;6;-9987;-1664.5;-2.48866184899078;260615;43435.833333333336;64.94268626962372;-0.038320894806515356;55510;9251.666666666666;30580;5096.666666666667;0;;
ABAKS AA, SIA;41503050540;;1185;1;8621  ;SIA;5;20805;4161;17.556962025316455;134188;26837.6;113.23881856540085;0.1550436700748204;23740;4748;14900;2980;0;;
I. Dūrējas ģimenes ārsta prakse, Sabiedrība ar ierobežotu atbildību;43603051413;;1647;1;8621  ;SIA;3;53177;17725.666666666668;32.28718882817243;184075;61358.333333333336;111.7638129933212;0.28888768165150075;27220;9073.333333333334;15990;5330;0;;
Ārstu prakse "Mazcena 21", Sabiedrība ar ierobežotu atbildību;40002073225;;1847;1;8621  ;SIA;10;26736;2673.6;14.475365457498647;248090;24809;134.32051976177584;0.10776734249667459;61370;6137;34260;3426;0;;
J.TRALMAKA UN A.TRALMAKAS ĀRSTA PRAKSE, Sabiedrība ar ierobežotu atbildību;44103039742;;1376;1;8621  ;SIA;5;0;0;0;219925;43985;159.82921511627907;0;16400;3280;9180;1836;117237;;
Terveus, SIA;40203073988;;1425;1;8621  ;SIA;2;33176;16588;23.28140350877193;144116;72058;101.1340350877193;0.23020344722307032;13310;6655;7030;3515;0;;
Lidijas Bukeles ĢĀP, Sabiedrība ar ierobežotu atbildību;42403017623;;1859;1;8621  ;SIA;5;59249;11849.8;31.87143625605164;207374;41474.8;111.55137170521786;0.2857108412819351;32430;6486;19740;3948;0;;
DAMIA, Sabiedrība ar ierobežotu atbildību;45403014323;;2183;1;8621  ;SIA;5;57108;11421.6;26.16032982134677;266941;53388.2;122.28172240036646;0.2139349144567526;46440;9288;24880;4976;0;;
DOKTORĀTS "KALMES", Sabiedrība ar ierobežotu atbildību;44103038554;;1409;1;8621  ;SIA;4;7921;1980.25;5.621717530163236;89959;22489.75;63.845990063875085;0.08805122333507487;20090;5022.5;12380;3095;0;;
DACES RUNDĀNES ĢĀP, Individuālais komersants;50002142571;;2367;1;8621  ;IK;0;;;NaN;;;NaN;;0;Infinity;0;Infinity;;;
SEMPERA DG, Sabiedrība ar ierobežotu atbildību;40003582357;;1181;1;8621  ;SIA;2;27078;13539;22.928027095681625;146495;73247.5;124.04318374259103;0.18483907300590463;19340;9670;10560;5280;0;;
ESI SPIRGTS, SIA;42403034515;;2715;1;8621  ;SIA;3;106819;35606.333333333336;39.34401473296501;198480;66160;73.10497237569061;0.5381852075775897;14450;4816.666666666667;5700;1900;0;;
Jūlijas Balandinas ģimenes ārsta prakse, SIA;40103859576;;1860;1;8621  ;SIA;5;5668;1133.6;3.0473118279569893;207353;41470.6;111.48010752688172;0.02733502770637512;39820;7964;23360;4672;0;;
Indras Mukānes ģimenes ārsta prakse, Sabiedrība ar ierobežotu atbildību;40103745594;;1556;1;8622  ;SIA;6;23437;3906.1666666666665;15.062339331619537;201237;33539.5;129.32969151670952;0.11646466604053926;32619.999999999996;5436.666666666666;19550;3258.3333333333335;0;;
Armandas Skrickas ģimenes ārsta prakse, Sabiedrība ar ierobežotu atbildību;40103735295;;1629;1;8621  ;SIA;4;17767;4441.75;10.906691221608348;190745;47686.25;117.09330877839164;0.09314529869721355;40890;10222.5;22800;5700;0;;
ANNAMED, Sabiedrība ar ierobežotu atbildību;43603041078;;1936;1;8621  ;SIA;3;71564;23854.666666666668;36.96487603305785;212796;70932;109.91528925619835;0.33630331397206714;27020;9006.666666666666;15380;5126.666666666667;0;;
MADONAS TRAUMATOLOĢIJAS UN ORTOPĒDIJAS KLĪNIKA, Sabiedrība ar ierobežotu atbildību;40103293481;;1900;1;8621  ;SIA;11;77156;7014.181818181818;40.60842105263158;408722;37156.545454545456;215.11684210526315;0.18877378756220609;37870;3442.7272727272725;18590;1690;0;;
ĢIMENES ĀRSTU PRAKSE, Sabiedrība ar ierobežotu atbildību;40002027495;;2114;1;8621  ;SIA;4;3076;769;1.455061494796594;228124;57031;107.91106906338695;0.013483894723922078;26680;6670;15260;3815;0;;
L.Petražickas Doktorāts, SIA;40203127585;;2115;1;8621  ;SIA;3;57601;19200.333333333332;27.23451536643026;184233;61411;87.10780141843972;0.3126529991912415;25940;8646.666666666666;14080;4693.333333333333;0;;
Maijas Petrovas ārsta prakse, Sabiedrība ar ierobežotu atbildību;40003989274;;1668;1;8621  ;SIA;1;30828;30828;18.48201438848921;160313;160313;96.11091127098321;0.19229881544229102;6500;6500;4570;4570;45925;;
Trikātas doktorāts, SIA;40003429637;;1998;1;8621  ;SIA;6;22054;3675.6666666666665;11.038038038038039;228301;38050.166666666664;114.26476476476476;0.09660054051449621;46130;7688.333333333333;23550;3925;0;0;0
Ilgas Lācītes privātprakse, Sabiedrība ar ierobežotu atbildību;43602006094;;2091;1;8621  ;SIA;4;76722;19180.5;36.69153515064563;214724;53681;102.68962219033955;0.3573051917810771;25800;6450;14320;3580;0;;
Ģimenes ārstu prakse-DK, Sabiedrība ar ierobežotu atbildību;40103462464;;2054;1;8621  ;SIA;3;106939;35646.333333333336;52.06377799415774;207400;69133.33333333333;100.97370983446933;0.5156171648987464;28750;9583.333333333334;14360;4786.666666666667;0;;
Beires prakse, Sabiedrība ar ierobežotu atbildību;43603064827;;1669;1;8621  ;SIA;6;-2440;-406.6666666666667;-1.4619532654284002;177194;29532.333333333332;106.16776512881965;-0.013770217953203833;38220;6370;22780;3796.6666666666665;0;;
Santas Gulbes ģimenes ārsta prakse, Sabiedrība ar ierobežotu atbildību;40203359830;;1400;1;8621  ;SIA;0;;;NaN;;;NaN;;0;Infinity;0;Infinity;;;
DOKTORĀTS ELITE, Medicīnas sabiedrība ar ierobežotu atbildību;41203007572;;8415;5;8621  ;SIA;28;135671;4845.392857142857;16.122519310754605;829524;29625.85714285714;98.57682709447415;0.16355283270887883;203960;7284.285714285715;129600;4628.571428571428;0;;
Harmonija Plus, SIA;40103167844;;840;1;8621  ;SIA;3;983;327.6666666666667;1.1702380952380953;128896;42965.333333333336;153.44761904761904;0.0076263033763654415;26080;8693.333333333334;12660;4220;0;;
Asklēpijs Z, SIA;41503045342;;2559;1;8621  ;SIA;5;61549;12309.8;24.051973427119968;261200;52240;102.07112153184838;0.23563935681470138;42410;8482;24410;4882;0;;
DRUVAS DOKTORĀTS, SIA;48503006156;;4188;2;8621  ;SIA;8;125784;15723;30.034383954154727;448259;56032.375;107.03414517669532;0.2806056320118503;60160;7520;34510;4313.75;35703;;
AFP, Sabiedrība ar ierobežotu atbildību;41203028502;;1493;1;8621  ;SIA;3;18529;6176.333333333333;12.410582719356999;190880;63626.666666666664;127.84996651038178;0.09707145850796312;29840;9946.666666666666;16880;5626.666666666667;0;;
DOKTORĀTS ANIMA, Sabiedrība ar ierobežotu atbildību;40002082020;;1563;1;8621  ;SIA;6;4859;809.8333333333334;3.108765195137556;205121;34186.833333333336;131.23544465770954;0.02368845705705413;33180;5530;15840;2640;0;;
Irinas Lazarevas ģimenes ārsta prakse, Sabiedrība ar ierobežotu atbildību;40203279874;;1016;1;8621  ;SIA;2;69752;34876;68.65354330708661;96999;48499.5;95.47145669291339;0.7191001969092465;3180;1590;1970;985;0;;
M.Gavronskas ārsta prakse, Sabiedrība ar ierobežotu atbildību;40103744207;;1489;1;8621  ;SIA;5;14692;2938.4;9.867024848891873;182721;36544.2;122.71390194761585;0.08040674033088697;38720;7744;20850;4170;0;0;0
Kurator, SIA;41503043214;;959;1;8622  ;SIA;4;-5215;-1303.75;-5.437956204379562;15520;3880;16.18352450469239;-0.33601804123711343;31330;7832.5;17240;4310;0;;
Vilitas Melbārdes ārsta prakse, Sabiedrība ar ierobežotu atbildību;40103488726;;980;1;8621  ;SIA;2;70256;35128;71.68979591836735;107191;53595.5;109.37857142857143;0.6554281609463481;8590;4295;3400;1700;0;;
Bēnes doktorāts, Sabiedrība ar ierobežotu atbildību;40003299789;;1737;1;8621  ;SIA;5;-20255;-4051;-11.66090961427749;214863;42972.6;123.69775474956822;-0.09426937164611869;47420;9484;28990;5798;0;;
Asklepius-ārsta prakse, IK;43602023357;;544;1;8622  ;IK;4;;;NaN;;;NaN;;5060;1265;960;240;;;
Monikas Stacēvičas ārsta prakse, SIA;41203061935;;1752;2;8621  ;SIA;4;39648;9912;22.63013698630137;178260;44565;101.74657534246575;0.22241669471558398;29570;7392.5;16950;4237.5;0;;
Medicīnas centrs Saule, Sabiedrība ar ierobežotu atbildību;41503067941;;2333;1;8621  ;SIA;8;30192;3774;12.94127732533219;250792;31349;107.49764252036005;0.12038661520303678;47890;5986.25;22920;2865;0;;
Skaistuma pasaule, Sabiedrība ar ierobežotu atbildību;41503033466;;1159;1;8621  ;SIA;3;47560;15853.333333333334;41.03537532355479;209461;69820.33333333333;180.72562553925798;0.2270589751791503;37240;12413.333333333334;20420;6806.666666666667;0;;
Ūnijas doktorāts, Sabiedrība ar ierobežotu atbildību;40003426202;;1428;1;8621  ;SIA;15;31273;2084.866666666667;21.899859943977592;225478;15031.866666666667;157.89775910364145;0.13869645819104304;39500;2633.3333333333335;25560;1704;0;;
Veselības centrs "Džūkste", SIA;40103385911;;2123;1;8621  ;SIA;5;4430;886;2.086669806877061;222547;44509.4;104.82666038624588;0.019905907516165125;19190;3838;13380;2676;0;;
MEDICOM, Sabiedrība ar ierobežotu atbildību;43603034023;;1451;1;8621  ;SIA;4;16113;4028.25;11.104755341144038;215442;53860.5;148.47829083390764;0.0747904308352132;42030;10507.5;23300;5825;0;;
M. GRŪSLES ĀRSTA PRAKSE, SIA;44103041944;;2780;1;8621  ;SIA;10;87049;8704.9;31.312589928057555;340811;34081.1;122.59388489208634;0.2554172253829835;40830;4083;20780;2078;0;;
V. MEĻŅIKAS ārsta prakse, Sabiedrība ar ierobežotu atbildību;40003672491;;1728;1;8622  ;SIA;5;55060;11012;31.863425925925927;222668;44533.6;128.8587962962963;0.2472739684193508;33840;6768;18440;3688;0;;
W-DOC, Sabiedrība ar ierobežotu atbildību;43603034466;;2313;1;8621  ;SIA;4;104389;26097.25;45.13143104193688;223036;55759;96.42715088629485;0.46803655015333845;24020;6005;13600;3400;0;;
Anitas Selezņevas ģimenes ārsta prakse, SIA;42103100027;;1822;1;8621  ;SIA;4;5877;1469.25;3.225576289791438;199739;49934.75;109.62623490669594;0.029423397533781585;41330;10332.5;25270;6317.5;0;;
Mārītes Kaļvas ģimenes ārsta prakse, SIA;40203301728;;1413;1;8621  ;SIA;2;17241;8620.5;12.201698513800425;90669;45334.5;64.16772823779193;0.19015319458690402;12340;6170;6960;3480;0;;
Kaķenieku ambulance, Sabiedrība ar ierobežotu atbildību;40003300823;;1283;1;8621  ;SIA;6;27078;4513;21.10522213561964;167392;27898.666666666668;130.46921278254092;0.1617640030586886;29730;4955;17740;2956.6666666666665;0;;
Intas Freimanes ģimenes ārsta prakse, SIA;40103747684;;1496;1;8621  ;SIA;4;51157;12789.25;34.19585561497326;171973;42993.25;114.95521390374331;0.2974711146517186;22840;5710;13450;3362.5;0;;
Sabīnes Pavlovskas ģimenes ārsta prakse, SIA;40203279588;;975;1;8621  ;SIA;1;9454;9454;9.696410256410257;80395;80395;82.45641025641025;0.11759437775981094;15560;15560;8119.999999999999;8119.999999999999;0;;
Andas Mellenbergas ārsta prakse, Sabiedrība ar ierobežotu atbildību;41203055549;;1471;1;8621  ;SIA;3;31895;10631.666666666666;21.682528891910266;175224;58408;119.11896668932698;0.18202415194265625;27570;9190;15670;5223.333333333333;0;;
NPP, Sabiedrība ar ierobežotu atbildību;40003812047;;1510;1;8621  ;SIA;4;95748;23937;63.40927152317881;225212;56303;149.14701986754966;0.42514608457808645;24610;6152.5;9870;2467.5;0;;
Med Plus Ārstu prakse, SIA;40203136728;;2049;1;8621  ;SIA;6;55668;9278;27.168374816983896;213731;35621.833333333336;104.30990727183992;0.26045823956281494;35620;5936.666666666667;20200;3366.6666666666665;0;;
A.Lucenko ārsta prakse, SIA;42103081633;;1245;1;8621  ;SIA;5;92647;18529.4;74.4152610441767;255208;51041.6;204.9863453815261;0.3630254537475314;27380;5476;14600;2920;0;;
Jutas Ošenieces ģimenes ārsta prakse, SIA;40203118741;;1457;1;8621  ;SIA;2;61094;30547;41.93136582017845;161509;80754.5;110.85037748798902;0.37826994161316085;8710;4355;7800;3900;0;;
Sarmītes Opmanes ģimenes ārsta prakse, SIA;41203053181;;1348;1;8621  ;SIA;3;6502;2167.3333333333335;4.8234421364985165;141210;47070;104.75519287833828;0.04604489767013668;28780;9593.333333333334;14480;4826.666666666667;0;;
Tatjanas Boilovičas ģimenes ārsta prakse, Sabiedrība ar ierobežotu atbildību;40103665585;;2236;1;8621  ;SIA;4;23775;5943.75;10.63282647584973;194419;48604.75;86.94946332737031;0.12228743075522454;38000;9500;21700;5425;0;;
GSM Medical, SIA;50203086791;;1452;1;8621  ;SIA;3;34252;11417.333333333334;23.58953168044077;213261;71087;146.87396694214877;0.1606107070678652;41130;13710;24460;8153.333333333333;0;;
Auces doktorāts, Sabiedrība ar ierobežotu atbildību;40003425620;;1195;1;8621  ;SIA;3;17936;5978.666666666667;15.009205020920502;141349;47116.333333333336;118.2836820083682;0.12689159456381013;18820;6273.333333333333;8630;2876.6666666666665;0;;
OZOLIŅAS DOKTORĀTS, Individuālais komersants;40002019394;;563;1;8621  ;IK;1;;;NaN;;;NaN;;7610;7610;4059.9999999999995;4059.9999999999995;;;
Līgas Purmales ģimenes ārstes prakse, SIA;40203236292;;947;1;8621  ;SIA;2;-666;-333;-0.7032734952481521;98526;49263;104.04012671594509;-0.00675963705011875;19020;9510;10510;5255;0;;
D. Ļūļes ārsta prakse, Sabiedrība ar ierobežotu atbildību;50103779821;;1823;1;8621  ;SIA;3;7972;2657.3333333333335;4.373011519473396;174372;58124;95.65112452002194;0.04571834927625995;32430;10810;19380;6460;0;;
V.Ceikas ārsta prakse, SIA;42103083507;;1428;1;8621  ;SIA;4;9142;2285.5;6.401960784313726;168619;42154.75;118.08053221288516;0.05421690319596249;35410;8852.5;19850;4962.5;0;;
Margaritas Bargarumas ārsta prakse, SIA;45403058027;;1563;1;8621  ;SIA;4;38613;9653.25;24.704414587332053;196706;49176.5;125.85156749840051;0.19629802852988723;28220;7055;17350;4337.5;0;;
Jekaterinas Gerķes ģimenes ārsta prakse, SIA;40203006690;;1506;1;8621  ;SIA;6;72108;12018;47.8804780876494;219518;36586.333333333336;145.76228419654714;0.3284833134412668;29430;4905;17760;2960;0;;
Irlavas Sarkanā Krusta slimnīca, Sabiedrība ar ierobežotu atbildību;40003249082;;1286;1;8622  ;SIA;32;-27987;-874.59375;-21.762830482115085;543187;16974.59375;422.38491446345256;-0.051523692577326044;124330;3885.3125;60940;1904.375;0;;
Viktorijas Grebņevas ģimenes ārsta prakse, SIA;40203278807;;2036;1;8621  ;SIA;3;;;NaN;;;NaN;;19110;6370;10750;3583.3333333333335;;;
Vijas Freimanes ārsta prakse, Sabiedrība ar ierobežotu atbildību;43603033935;;1620;1;8621  ;SIA;3;53570;17856.666666666668;33.0679012345679;191027;63675.666666666664;117.9179012345679;0.2804315620304983;29950;9983.333333333334;17480;5826.666666666667;0;;
Dainas Vaivodes ģimenes ārsta prakse, Sabiedrība ar ierobežotu atbildību;53603071591;;2041;1;8621  ;SIA;5;10261;2052.2;5.027437530622244;195352;39070.4;95.71386575208231;0.052525697202997663;36720;7344;22230;4446;0;;
R.E.L.M., IK;51202026811;;1936;1;8621  ;IK;3;;;NaN;;;NaN;;24480;8160;10820;3606.6666666666665;;;
Kudojare Natālija-ģimenes ārsta prakse, SIA;40103740879;;1529;1;8621  ;SIA;3;45429;15143;29.71157619359058;167164;55721.333333333336;109.32897318508829;0.27176305903184894;23850;7950;11900;3966.6666666666665;0;;
DD Doktorāts, SIA;40203356317;;1058;1;8621  ;SIA;1;;;NaN;;;NaN;;0;0;0;0;;;
Olgas Gersamijas ģimenes ārsta privātprakse, SIA;40203345722;;161;1;8621  ;SIA;1;;;NaN;;;NaN;;60;60;40;40;;;
INGAS ŽĪGURES ĀRSTA PRAKSE, IK;40002148642;;1696;1;8621  ;IK;2;;;NaN;;;NaN;;14020;7010;6490;3245;;;
SN ĀRSTE, SIA;40103655943;;1403;1;8621  ;SIA;3;25838;8612.666666666666;18.416250890947968;141908;47302.666666666664;101.14611546685674;0.18207571102404374;23870;7956.666666666667;14080;4693.333333333333;0;;
Ilzes Jākobsones ģimenes ārsta prakse, Sabiedrība ar ierobežotu atbildību;40003971164;;2315;1;8621  ;SIA;4;59087;14771.75;25.52354211663067;279759;69939.75;120.84622030237581;0.21120678870027418;48490;12122.5;26150;6537.5;0;;
Olgas Tomaševskas ģimenes ārsta prakse, Sabiedrība ar ierobežotu atbildību;55403030601;;2007;1;8621  ;SIA;4;26826;6706.5;13.366218236173394;211991;52997.75;105.62580966616841;0.12654310796213047;27590;6897.5;15030;3757.5;0;;
RASO prakse, Sabiedrība ar ierobežotu atbildību;42103083494;;2181;1;8621  ;SIA;4;5556;1389;2.547455295735901;235295;58823.75;107.88399816597891;0.023612911451582057;47890;11972.5;28360;7090;0;;
Andreja Sazoņika ģimenes ārsta prakse, Sabiedrība ar ierobežotu atbildību;40103901869;;1109;1;8621  ;SIA;3;40251;13417;36.294860234445444;185486;61828.666666666664;167.2551848512173;0.21700290048844656;29290;9763.333333333334;17290;5763.333333333333;0;;
ĢIMENES ĀRSTA ANDRA LASMAŅA KLĪNIKA "ALMA", Sabiedrība ar ierobežotu atbildību;40002000876;;1464;1;8621  ;SIA;19;95824;5043.368421052632;65.4535519125683;720111;37900.57894736842;491.87909836065575;0.13306837418120263;73850;3886.842105263158;40070;2108.9473684210525;0;;
ALSMED, SIA;43603085091;;1844;1;8621  ;SIA;2;77406;38703;41.977223427331886;204105;102052.5;110.68600867678958;0.37924597633570956;12440;6220;6760;3380;0;;
Liepziedi ārsta prakse, SIA;40203216277;;1484;1;8621  ;SIA;3;51357;17119;34.607142857142854;173100;57700;116.64420485175202;0.2966897746967071;27520;9173.333333333334;14880;4960;0;;
Nimece, Sabiedrība ar ierobežotu atbildību;40103324086;;1007;1;8621  ;SIA;2;-5636;-2818;-5.59682224428997;98830;49415;98.14299900695134;-0.057027218455934434;10810;5405;5550;2775;0;;
āp SANUS, SIA;42103060241;;985;1;8621  ;SIA;2;17064;8532;17.323857868020305;117129;58564.5;118.91269035532994;0.14568552621468636;24510;12255;13190;6595;0;;
ĢIMENES ĀRSTA INTAS AUZIŅAS PRIVĀTPRAKSE, SIA;44103043502;;1326;1;8621  ;SIA;3;17131;5710.333333333333;12.919306184012067;111373;37124.333333333336;83.99170437405732;0.15381645461646898;20510;6836.666666666667;11690;3896.6666666666665;0;;
Rudzāta ārsta prakse, SIA;45403017527;;1729;1;8621  ;SIA;8;84841;10605.125;49.069404279930595;252207;31525.875;145.8687102371313;0.33639431102229517;36860;4607.5;18060;2257.5;0;;
Čiekuru Doktorāts, SIA;41503041209;;2043;1;8621  ;SIA;1;25931;25931;12.692608908467939;211903;211903;103.72148800783162;0.12237202871124996;32960;32960;19690;19690;0;;
Ditas Zeltiņas ārsta prakse, SIA;44103148178;;1603;1;8621  ;SIA;3;12228;4076;7.628197130380537;194431;64810.333333333336;121.29195258889582;0.0628912056205029;43380;14460;23010;7670;0;;
Dagnijas Purlīces ģimenes ārsta prakse, Sabiedrība ar ierobežotu atbildību;42103104122;;976;1;8621  ;SIA;2;10908;5454;11.176229508196721;93954;46977;96.26434426229508;0.11609936777572004;18010;9005;9970;4985;0;;
Iolandas Šaihulovas ģimenes ārstes prakse, Sabiedrība ar ierobežotu atbildību;43603030572;;1850;1;8621  ;SIA;3;64502;21500.666666666668;34.865945945945946;214748;71582.66666666667;116.08;0.30036135377279416;34570;11523.333333333334;20080;6693.333333333333;0;;
I. RĀVIŅAS ĀRSTA PRAKSE, SIA;44103057396;;1659;1;8621  ;SIA;3;3950;1316.6666666666667;2.380952380952381;185889;61963;112.04882459312839;0.021249240137931776;33450;11150;20930;6976.666666666667;0;;
S.Gertneres ārsta prakse, Sabiedrība ar ierobežotu atbildību;40103998521;;1346;1;8621  ;SIA;4;53484;13371;39.73551263001486;153429;38357.25;113.9888558692422;0.34859120505249985;17720;4430;8760;2190;0;;
S.Birznieces-Bekmanes ģimenes ārsta un pediatra prakse, Sabiedrība ar ierobežotu atbildību;40103339490;;2006;1;8621  ;SIA;4;55511;13877.75;27.67248255234297;248895;62223.75;124.07527417746759;0.22302979167922216;43790;10947.5;25460;6365;0;;
Vitas Vītolas ārsta prakse pediatrijā, Sabiedrība ar ierobežotu atbildību;40203165214;;1368;1;8621  ;SIA;4;34247;8561.75;25.0343567251462;175913;43978.25;128.59137426900585;0.1946814618589871;28910;7227.5;16360;4090;0;;
Anitas Muižnieces ārsta prakse, SIA;44103120267;;1710;1;8621  ;SIA;3;27341;9113.666666666666;15.988888888888889;228671;76223.66666666667;133.72573099415206;0.11956478958853549;35340;11780;22810;7603.333333333333;0;;
D.Pakalniņas Ģimenes ārsta prakse, Sabiedrība ar ierobežotu atbildību;40103308946;;1857;1;8621  ;SIA;3;28163;9387.666666666666;15.165858912224017;182110;60703.333333333336;98.06677436725901;0.15464828949535994;26330;8776.666666666666;13550;4516.666666666667;5000;;
KEM Medical, Sabiedrība ar ierobežotu atbildību;40203353594;;151;1;8621  ;SIA;1;;;NaN;;;NaN;;0;0;0;0;;;
Maritas Ķirsones ģimenes ārsta prakse, SIA;40203059541;;1589;1;8621  ;SIA;3;19345;6448.333333333333;12.174323473882945;156703;52234.333333333336;98.61736941472624;0.12345009348895682;32630.000000000004;10876.666666666668;16600;5533.333333333333;0;;
Vivejas Epiņas ģimenes ārsta prakse, SIA;43603056868;;1568;1;8622  ;SIA;3;38510;12836.666666666666;24.559948979591837;177500;59166.666666666664;113.2015306122449;0.21695774647887323;28650;9550;14770;4923.333333333333;0;;
Dr.Rutas Vinteres prakse, SIA;41203065320;;2079;1;8621  ;SIA;6;10272;1712;4.940836940836941;240870;40145;115.85858585858585;0.04264541038734587;34020;5670;16180;2696.6666666666665;0;;
Pīleņģe Māra-ģimenes ārsta un arodveselības un arodslimību ārsta prakse, SIA;42403049099;;1569;1;8621  ;SIA;5;72248;14449.6;46.047163798597836;179397;35879.4;114.33843212237093;0.40272691293611373;16610;3322;7900;1580;0;;
VITAS NORENBERGAS ĢIMENES ĀRSTA PRAKSE, IK;51202024651;;1792;1;8622  ;IK;2;;;NaN;;;NaN;;2990;1495;1600;800;;;
Astrīdas Marčenokas ģimenes ārstes prakse, SIA;44103127513;;2035;1;8621  ;SIA;4;60403;15100.75;29.682063882063883;217722;54430.5;106.98869778869779;0.2774317707902738;38300;9575;22880;5720;0;;
Larisas Zaharovas ģimenes ārsta un pediatra prakse, SIA;40203282662;;1952;1;8621  ;SIA;3;16996;5665.333333333333;8.706967213114755;154540;51513.333333333336;79.17008196721312;0.109977999223502;26450;8816.666666666666;14440;4813.333333333333;23277;;
Olgas Ratnikovas Ģimenes ārsta prakse, SIA;42403044674;;2308;1;8621  ;SIA;4;21362;5340.5;9.255632582322358;237110;59277.5;102.73396880415945;0.09009320568512505;45410;11352.5;25870;6467.5;0;;
PN Doktorāts, Sabiedrība ar ierobežotu atbildību;40003424964;;1115;1;8621  ;SIA;6;71110;11851.666666666666;63.775784753363226;183078;30513;164.19551569506726;0.3884136816001923;22210;3701.6666666666665;11690;1948.3333333333333;0;;
Centrālais doktorāts, Sabiedrība ar ierobežotu atbildību;40103432718;;1252;1;8621  ;SIA;3;10834;3611.3333333333335;8.65335463258786;143860;47953.333333333336;114.90415335463258;0.07530932851383289;9770;3256.6666666666665;4050;1350;67965;;
LĪGAS KOZLOVSKAS ĢIMENES ĀRSTA PRAKSE, Balvu pilsētas Līgas Kozlovskas individuālais uzņēmums;43202006116;;4117;1;;;8;66377;8297.125;16.12266213262084;481431;60178.875;116.93733300947292;0.1378743786752411;;;;;0;;
Sanare PR, Sabiedrība ar ierobežotu atbildību;45403054400;;783;1;8621  ;SIA;2;13128;6564;16.766283524904214;1830;915;2.3371647509578546;7.173770491803278;23290;11645;12870;6435;0;;
K.Zivtiņas ārsta prakse, Sabiedrība ar ierobežotu atbildību;40103597503;;2306;1;8621  ;SIA;4;12167;3041.75;5.276235906331309;268345;67086.25;116.36816999132698;0.045340885799996275;51980;12995;29520;7380;0;;
Irēnas Čirko ģimenes ārsta prakse, Sabiedrība ar ierobežotu atbildību;42403039616;;2042;1;8622  ;SIA;6;29050;4841.666666666667;14.226248775710088;235722;39287;115.43682664054849;0.12323839098599197;40280;6713.333333333333;21430;3571.6666666666665;0;;
Leonoras Burovas ģimenes ārsta prakse, SIA;50203357121;;2063;1;8621  ;SIA;1;;;NaN;;;NaN;;280;280;140;140;;;
Spasova Prakse, SIA;40203246869;;2251;1;8621  ;SIA;4;13607;3401.75;6.044868947134606;181649;45412.25;80.69702354509107;0.07490820208203734;35840;8960;19230;4807.5;0;;
RUŽINAS DOKTORĀTS, Sabiedrība ar ierobežotu atbildību;42403010362;;1937;1;8621  ;SIA;7;1418;202.57142857142858;0.7320598864223026;187870;26838.571428571428;96.99019101703665;0.00754777239580561;23220;3317.1428571428573;11660;1665.7142857142858;0;;
SIGULDAS EFEKTS, Sabiedrība ar ierobežotu atbildību Ģimenes ārstu doktorāts;40003200574;;2664;1;8621  ;SIA;4;35820;8955;13.445945945945946;273684;68421;102.73423423423424;0.13088086990836148;18210;4552.5;12670;3167.5;0;;
Latgales medicīnas centrs, Sabiedrība ar ierobežotu atbildību;41503046475;;2574;1;8622  ;SIA;18;575869;31992.722222222223;223.72533022533023;1365647;75869.27777777778;530.5543900543901;0.4216821770193908;141910;7883.888888888889;77660;4314.444444444444;0;;
Marinas Ņesterovskas ģimenes ārsta un internista prakse, Sabiedrība ar ierobežotu atbildību;40103737440;;1681;1;8621  ;SIA;1;64269;64269;38.2325996430696;158613;158613;94.35633551457465;0.40519377352423824;15570;15570;8580;8580;0;;
ORIENTS, Sabiedrība ar ierobežotu atbildību Rīgā;40003016179;;1744;1;8621  ;SIA;6;40209;6701.5;23.055619266055047;217636;36272.666666666664;124.79128440366972;0.1847534415262181;34890;5815;20500;3416.6666666666665;0;;
AT MED, SIA;40203327568;;866;1;8621  ;SIA;3;15774;5258;18.214780600461893;51733;17244.333333333332;59.737875288683604;0.3049117584520519;7520;2506.6666666666665;3800;1266.6666666666667;0;;
Ilvas Gailumas ģimenes ārsta prakse, SIA;40203103924;;1419;1;8621  ;SIA;4;26444;6611;18.635658914728683;182332;45583;128.49330514446794;0.14503213917469232;36940;9235;19920;4980;0;;
Ludmilas Zeiļukas ārsta prakse, SIA;40003745850;;1277;1;8621  ;SIA;2;11917;5958.5;9.332028191072826;127406;63703;99.76977290524667;0.09353562626563898;20290;10145;12000;6000;0;;
Ārstes Vaivodes prakse Preiļos, SIA;41503047292;;1757;1;8412  ;SIA;4;48025;12006.25;27.333523050654524;183169;45792.25;104.25099601593625;0.2621895626443339;30480;7620;16580;4145;0;;
MEDcontrol, Sabiedrība ar ierobežotu atbildību;50103610521;;2230;1;8621  ;SIA;7;42112;6016;18.884304932735425;225785;32255;101.24887892376681;0.18651371880328632;33020;4717.142857142857;19830;2832.8571428571427;0;;
Ā.Ancānes ģimenes ārsta prakse, SIA;40103346295;;1823;1;8621  ;SIA;9;25722;2858;14.10970927043335;228721;25413.444444444445;125.46407021393308;0.11246015888353059;38160;4240;20390;2265.5555555555557;0;;
Ivetas Jevtušenko ārsta prakse, Sabiedrība ar ierobežotu atbildību;40203322927;;1930;1;8621  ;SIA;5;35852;7170.4;18.576165803108807;105382;21076.4;54.60207253886011;0.340209903019491;10420;2084;5910;1182;0;;
Ineses Rabkevičas ārsta prakse, SIA;40103289486;;1090;1;8621  ;SIA;3;23670;7890;21.71559633027523;102908;34302.666666666664;94.41100917431193;0.23001127220429898;19070;6356.666666666667;12080;4026.6666666666665;0;;
Ilzes Āboliņas ārsta prakse, SIA;40203089917;;1203;1;8621  ;SIA;3;30989;10329.666666666666;25.7597672485453;121895;40631.666666666664;101.32585203657523;0.254226998646376;20210;6736.666666666667;11530;3843.3333333333335;0;;
Zanes Torbejevas ģimenes ārstes prakse, SIA;40103530440;;1864;1;8621  ;SIA;2;48965;24482.5;26.268776824034333;138957;69478.5;74.54774678111588;0.35237519520427185;21800;10900;10420;5210;0;0;0
Sīricas ārsta prakse, Sabiedrība ar ierobežotu atbildību;43603069735;;1624;1;8621  ;SIA;5;23177;4635.4;14.27155172413793;191474;38294.8;117.90270935960591;0.12104515495576423;35840;7168;20130;4026;0;;
Dr.Rudzītes ārsta prakse, Sabiedrība ar ierobežotu atbildību;52103086721;;1410;1;8621  ;SIA;5;36348;7269.6;25.77872340425532;192125;38425;136.25886524822695;0.1891893298633702;41820;8364;22000;4400;0;;
Smārdes doktorāts, Sabiedrība ar ierobežotu atbildību;40203112109;;1791;1;8621  ;SIA;3;49238;16412.666666666668;27.491903964265774;208247;69415.66666666667;116.27414852037968;0.2364403808938424;29140;9713.333333333334;17000;5666.666666666667;0;;
Māras Bremmeres ģimenes ārsta prakse, SIA;40203279605;;1230;1;8621  ;SIA;3;17118;5706;13.917073170731708;104759;34919.666666666664;85.169918699187;0.1634036216458729;19620;6540;10530;3510;0;;
I. Smirnovas ārsta prakse, SIA;40203217319;;1240;1;8621  ;SIA;4;50141;12535.25;40.436290322580646;142759;35689.75;115.12822580645161;0.35122829383786663;18740;4685;11730;2932.5;0;;
LAROMED, SIA;44103119944;;1613;1;8621  ;SIA;3;74104;24701.333333333332;45.94172349659021;191832;63944;118.92870427774334;0.38629634263313734;19930;6643.333333333333;10210;3403.3333333333335;0;;
Zolitūdes doktorāts, Sabiedrība ar ierobežotu atbildību;40103865568;;1985;1;8621  ;SIA;6;55449;9241.5;27.934005037783376;231066;38511;116.40604534005038;0.23997039806808446;37500;6250;18550;3091.6666666666665;0;;
ILSTRE, Sabiedrība ar ierobežotu atbildību;43603034362;;2513;1;8621  ;SIA;6;39901;6650.166666666667;15.87783525666534;302473;50412.166666666664;120.3633107839236;0.13191590654372456;48550;8091.666666666667;26950;4491.666666666667;0;;
LUMALE DOKTORĀTS, Rīgas pilsētas Lilijas Lapsas individuālais uzņēmums;40002065302;;1779;1;;;4;65302;16325.5;36.70713884204609;200621;50155.25;112.77178189994379;0.32549932459712594;;;;;0;;
Ditas Pīlātes ģimenes ārsta prakse, Sabiedrība ar ierobežotu atbildību;40203098286;;2475;1;8621  ;SIA;4;;;NaN;;;NaN;;39020;9755;-14380;-3595;;;
Valeo K, SIA;41503020989;;2940;1;8621  ;SIA;4;123687;30921.75;42.070408163265306;211736;52934;72.01904761904763;0.5841566856840594;19250;4812.5;8270;2067.5;0;;
Inas Mortukānes ārsta prakse, SIA;43603041843;;2553;1;8621  ;SIA;4;51433;12858.25;20.146102624363493;293225;73306.25;114.85507246376811;0.17540455281780204;46350;11587.5;27880;6970;0;;
L.LAGZDIŅAS ĀRSTA PRAKSE, SIA;41203028199;;1866;1;8621  ;SIA;5;107159;21431.8;57.42711682743837;184790;36958;99.03001071811362;0.5798960982737161;16250;3250;9940;1988;0;;
SANTAS KRIEVIŅAS ĢIMENES ĀRSTA PRAKSE, SIA;40203298339;;1746;1;8621  ;SIA;3;30839;10279.666666666666;17.662657502863688;100330;33443.333333333336;57.462772050400915;0.3073756603209409;13460;4486.666666666667;7540;2513.3333333333335;10000;;
ES-ģimenes ārsta prakse, Sabiedrība ar ierobežotu atbildību;52403042251;;2223;1;8621  ;SIA;5;77381;15476.2;34.809266756635175;196858;39371.6;88.55510571300044;0.3930802913775412;26190;5238;13170;2634;0;;
SalutoMed, SIA;40203186220;;1061;1;8621  ;SIA;3;41764;13921.333333333334;39.36286522148916;109831;36610.333333333336;103.51649387370405;0.38025694020813794;14640;4880;8410;2803.3333333333335;0;;
I.Laizānes ārsta prakse, Sabiedrība ar ierobežotu atbildību;40103937705;;3071;1;8621  ;SIA;11;46097;4190.636363636364;15.01042005861283;404211;36746.454545454544;131.62194724845327;0.11404192364878739;80690;7335.454545454545;39810;3619.090909090909;0;;
Sandras Bērziņas ģimenes ārsta prakse, SIA;54103129361;;2084;1;8621  ;SIA;4;47447;11861.75;22.767274472168907;275329;68832.25;132.11564299424185;0.17232837804953346;50180;12545;28340;7085;0;;
Daina Med, SIA;40203118648;;954;1;8621  ;SIA;2;13103;6551.5;13.734800838574424;103855;51927.5;108.86268343815513;0.1261662895382986;19570;9785;15590;7795;0;;
Mārupes Doktorāts, SIA;40203175797;;2133;1;8621  ;SIA;8;118487;14810.875;55.549460853258324;335672;41959;157.370839193624;0.35298446102147335;30450;3806.25;17210;2151.25;0;;
Ligitas Vulfas ārsta prakse, SIA;40003731899;;2349;1;8621  ;SIA;6;79218;13203;33.724137931034484;288870;48145;122.9757343550447;0.2742340845362966;47870;7978.333333333333;27480;4580;0;;
MANS DOKTORĀTS, SIA;42103063962;;1648;1;8621  ;SIA;4;36352;9088;22.058252427184467;178233;44558.25;108.1510922330097;0.20395774071019396;25200;6300;13070;3267.5;0;;
S.Liepiņas ĢĀP, Sabiedrība ar ierobežotu atbildību;40003990324;;1944;1;8621  ;SIA;4;36329;9082.25;18.68775720164609;206032;51508;105.98353909465021;0.17632697833346275;35890;8972.5;21630;5407.5;0;;
Alises Nicmanes ģimenes ārsta prakse, Sabiedrība ar ierobežotu atbildību;50203020111;;1924;1;8621  ;SIA;6;41196;6866;21.41164241164241;306873;51145.5;159.49740124740126;0.13424445943435884;56540;9423.333333333334;32520.000000000004;5420.000000000001;0;;
MAKONT MED, SIA;40003991743;;1986;1;8621  ;SIA;3;42706;14235.333333333334;21.503524672708963;187324;62441.333333333336;94.32225579053373;0.2279793299310286;32740.000000000004;10913.333333333334;17400;5800;0;;
I. Menisa ģimenes ārsta prakse, Sabiedrība ar ierobežotu atbildību;40203205409;;1678;1;8621  ;SIA;3;35084;11694.666666666666;20.908224076281286;185985;61995;110.8373063170441;0.18863886872597252;34760;11586.666666666666;18120;6040;0;;
ANJE, SIA;40103160367;;1255;1;8621  ;SIA;4;34163;8540.75;27.22151394422311;156016;39004;124.31553784860557;0.21897113116603426;25670;6417.5;13980;3495;0;;
ANITAS KLŪGAS DOKTORĀTS, SIA;45403017353;;1708;1;8621  ;SIA;6;20456;3409.3333333333335;11.976580796252927;156068;26011.333333333332;91.37470725995315;0.13107107158418124;30610;5101.666666666667;16630;2771.6666666666665;0;;
ILZES KUKUTES ĢIMENES ĀRSTA PRAKSE, SIA;43603051042;;1401;1;8621  ;SIA;4;29139;7284.75;20.798715203426124;175657;43914.25;125.37972876516774;0.16588578878154586;28700;7175;15920;3980;0;;
Ārsta Nams, Sabiedrība ar ierobežotu atbildību;40003839126;;1135;1;8621  ;SIA;2;11386;5693;10.03171806167401;83516;41758;73.58237885462555;0.13633315771828153;14120;7060;8460;4230;0;;
EZERES DOKTORĀTS, SIA;48503006616;;1350;1;8621  ;SIA;6;31897;5316.166666666667;23.627407407407407;188002;31333.666666666668;139.26074074074074;0.16966308869054583;29270;4878.333333333333;14750;2458.3333333333335;0;16335;16335
Baložu doktorāts, SIA;50103928441;;2475;1;8621  ;SIA;5;44468;8893.6;17.966868686868686;276312;55262.4;111.64121212121212;0.1609340166188946;45740;9148;25890;5178;0;;
DOKTORĀTS "BERĢI", SIA;50003706111;;2192;1;8621  ;SIA;4;73431;18357.75;33.49954379562044;253754;63438.5;115.76368613138686;0.2893786895970113;41550;10387.5;24740;6185;0;;
